{
    "$schema": "https://schema.management.azure.com/schemas/2015-01-01/deploymentParameters.json#",
    "contentVersion": "1.0.0.0",
    "parameters": {
        "databaseAccounts_iot_testdb_name": {
            "value": null
        },
        "sites_IoTDemoFuncAppTest_name": {
            "value": null
        },
        "namespaces_jwehdevices_name": {
            "value": null
        },
        "IotHubs_Final2DemoIotHub_name": {
            "value": null
        },
        "databaseAccounts_iot_testdb_name_1": {
            "value": null
        },
        "config_web_name": {
            "value": null
        },
        "eventhubs_fridgedevices_name": {
            "value": null
        },
        "eventhubs_lightbulbdevices_name": {
            "value": null
        },
        "AuthorizationRules_RootManageSharedAccessKey_name": {
            "value": null
        },
        "consumergroups_$Default_name": {
            "value": null
        },
        "consumergroups_$Default_name_1": {
            "value": null
        },
        "hostNameBindings_iotdemofuncapptest.azurewebsites.net_name": {
            "value": null
        },
        "authorizationRules_iothubroutes_Final2DemoIotHub_name": {
            "value": null
        },
        "authorizationRules_iothubroutes_Final2DemoIotHub_name_1": {
            "value": null
        },
        "authorizationRules_iothubroutes_serverlessDemoIotHub_name": {
            "value": null
        },
        "authorizationRules_iothubroutes_serverlessDemoIotHub_name_1": {
            "value": null
        },
        "sites_IoTDemoFuncAppTest_serverFarmId": {
            "value": null
        }
    }
}