{
    "$schema": "https://schema.management.azure.com/schemas/2015-01-01/deploymentTemplate.json#",
    "contentVersion": "1.0.0.0",
    "parameters": {
        "databaseAccounts_iot_testdb_name": {
            "defaultValue": null,
            "type": "SecureString"
        },
        "sites_IoTDemoFuncAppTest_name": {
            "defaultValue": "IoTDemoFuncAppTest",
            "type": "String"
        },
        "namespaces_jwehdevices_name": {
            "defaultValue": "jwehdevices",
            "type": "String"
        },
        "IotHubs_Final2DemoIotHub_name": {
            "defaultValue": "Final2DemoIotHub",
            "type": "String"
        },
        "databaseAccounts_iot_testdb_name_1": {
            "defaultValue": "iot-testdb",
            "type": "String"
        },
        "config_web_name": {
            "defaultValue": "web",
            "type": "String"
        },
        "eventhubs_fridgedevices_name": {
            "defaultValue": "fridgedevices",
            "type": "String"
        },
        "eventhubs_lightbulbdevices_name": {
            "defaultValue": "lightbulbdevices",
            "type": "String"
        },
        "AuthorizationRules_RootManageSharedAccessKey_name": {
            "defaultValue": "RootManageSharedAccessKey",
            "type": "String"
        },
        "consumergroups_$Default_name": {
            "defaultValue": "$Default",
            "type": "String"
        },
        "consumergroups_$Default_name_1": {
            "defaultValue": "$Default",
            "type": "String"
        },
        "hostNameBindings_iotdemofuncapptest.azurewebsites.net_name": {
            "defaultValue": "iotdemofuncapptest.azurewebsites.net",
            "type": "String"
        },
        "authorizationRules_iothubroutes_Final2DemoIotHub_name": {
            "defaultValue": "iothubroutes_Final2DemoIotHub",
            "type": "String"
        },
        "authorizationRules_iothubroutes_Final2DemoIotHub_name_1": {
            "defaultValue": "iothubroutes_Final2DemoIotHub",
            "type": "String"
        },
        "authorizationRules_iothubroutes_serverlessDemoIotHub_name": {
            "defaultValue": "iothubroutes_serverlessDemoIotHub",
            "type": "String"
        },
        "authorizationRules_iothubroutes_serverlessDemoIotHub_name_1": {
            "defaultValue": "iothubroutes_serverlessDemoIotHub",
            "type": "String"
        },
        "sites_IoTDemoFuncAppTest_serverFarmId": {
            "defaultValue": "/subscriptions/d7d0acdf-db8e-41bb-bb66-28bfc5c20fe3/resourceGroups/ServerlessIoTDemo/providers/Microsoft.Web/serverfarms/ServerlessIoTDemo",
            "type": "String"
        }
    },
    "variables": {},
    "resources": [
        {
            "comments": "Generalized from resource: '/subscriptions/d7d0acdf-db8e-41bb-bb66-28bfc5c20fe3/resourceGroups/serverlessIoTTest/providers/Microsoft.Devices/IotHubs/Final2DemoIotHub'.",
            "type": "Microsoft.Devices/IotHubs",
            "sku": {
                "name": "S1",
                "tier": "Standard",
                "capacity": 1
            },
            "name": "[parameters('IotHubs_Final2DemoIotHub_name')]",
            "apiVersion": "2018-04-01",
            "location": "southeastasia",
            "tags": {},
            "scale": null,
            "properties": {
                "operationsMonitoringProperties": {
                    "events": {
                        "None": "None",
                        "Connections": "None",
                        "DeviceTelemetry": "None",
                        "C2DCommands": "None",
                        "DeviceIdentityOperations": "None",
                        "FileUploadOperations": "None",
                        "Routes": "None"
                    }
                },
                "ipFilterRules": [],
                "eventHubEndpoints": {
                    "events": {
                        "retentionTimeInDays": 1,
                        "partitionCount": 4,
                        "partitionIds": [
                            "0",
                            "1",
                            "2",
                            "3"
                        ],
                        "path": "[concat(parameters('IotHubs_Final2DemoIotHub_name'),'final2demoiothub', parameters('IotHubs_Final2DemoIotHub_name'))]",
                        "endpoint": "sb://iothub-ns-final2demo-766283-56831eb040.servicebus.windows.net/"
                    },
                    "operationsMonitoringEvents": {
                        "retentionTimeInDays": 1,
                        "partitionCount": 4,
                        "partitionIds": [
                            "0",
                            "1",
                            "2",
                            "3"
                        ],
                        "path": "[concat(parameters('IotHubs_Final2DemoIotHub_name'),'final2demoiothub-operationmonitoring')]",
                        "endpoint": "sb://iothub-ns-final2demo-766283-56831eb040.servicebus.windows.net/"
                    }
                },
                "routing": {
                    "endpoints": {
                        "serviceBusQueues": [],
                        "serviceBusTopics": [],
                        "eventHubs": [
                            {
                                "connectionString": "[concat('Endpoint=sb://jwehdevices.servicebus.windows.net:5671/;SharedAccessKeyName=iothubroutes_', parameters('IotHubs_Final2DemoIotHub_name'),';SharedAccessKey=****;EntityPath=fridgedevices')]",
                                "name": "fridgeep",
                                "subscriptionId": "d7d0acdf-db8e-41bb-bb66-28bfc5c20fe3",
                                "resourceGroup": "serverlessiottest"
                            },
                            {
                                "connectionString": "[concat('Endpoint=sb://jwehdevices.servicebus.windows.net:5671/;SharedAccessKeyName=iothubroutes_', parameters('IotHubs_Final2DemoIotHub_name'),';SharedAccessKey=****;EntityPath=lightbulbdevices')]",
                                "name": "bulbep",
                                "subscriptionId": "d7d0acdf-db8e-41bb-bb66-28bfc5c20fe3",
                                "resourceGroup": "serverlessiottest"
                            }
                        ],
                        "storageContainers": []
                    },
                    "routes": [
                        {
                            "name": "bulbroute",
                            "source": "DeviceMessages",
                            "condition": "$body.deviceType='LightBulb'",
                            "endpointNames": [
                                "bulbep"
                            ],
                            "isEnabled": true
                        },
                        {
                            "name": "fridgeroute",
                            "source": "DeviceMessages",
                            "condition": "$body.deviceType='Fridge'",
                            "endpointNames": [
                                "fridgeep"
                            ],
                            "isEnabled": true
                        }
                    ],
                    "fallbackRoute": {
                        "name": "$fallback",
                        "source": "DeviceMessages",
                        "condition": "true",
                        "endpointNames": [
                            "events"
                        ],
                        "isEnabled": true
                    }
                },
                "storageEndpoints": {
                    "$default": {
                        "sasTtlAsIso8601": "PT1H",
                        "connectionString": "",
                        "containerName": ""
                    }
                },
                "messagingEndpoints": {
                    "fileNotifications": {
                        "lockDurationAsIso8601": "PT1M",
                        "ttlAsIso8601": "PT1H",
                        "maxDeliveryCount": 10
                    }
                },
                "enableFileUploadNotifications": false,
                "cloudToDevice": {
                    "maxDeliveryCount": 10,
                    "defaultTtlAsIso8601": "PT1H",
                    "feedback": {
                        "lockDurationAsIso8601": "PT1M",
                        "ttlAsIso8601": "PT1H",
                        "maxDeliveryCount": 10
                    }
                },
                "features": "None"
            },
            "dependsOn": []
        },
        {
            "comments": "Generalized from resource: '/subscriptions/d7d0acdf-db8e-41bb-bb66-28bfc5c20fe3/resourceGroups/serverlessIoTTest/providers/Microsoft.DocumentDB/databaseAccounts/iot-testdb'.",
            "type": "Microsoft.DocumentDB/databaseAccounts",
            "kind": "GlobalDocumentDB",
            "name": "[parameters('databaseAccounts_iot_testdb_name_1')]",
            "apiVersion": "2015-04-08",
            "location": "Southeast Asia",
            "tags": {
                "defaultExperience": "DocumentDB"
            },
            "scale": null,
            "properties": {
                "databaseAccountOfferType": "Standard",
                "consistencyPolicy": {
                    "defaultConsistencyLevel": "Session",
                    "maxIntervalInSeconds": 5,
                    "maxStalenessPrefix": 100
                },
                "name": "[parameters('databaseAccounts_iot_testdb_name')]"
            },
            "dependsOn": []
        },
        {
            "comments": "Generalized from resource: '/subscriptions/d7d0acdf-db8e-41bb-bb66-28bfc5c20fe3/resourceGroups/serverlessIoTTest/providers/Microsoft.EventHub/namespaces/jwehdevices'.",
            "type": "Microsoft.EventHub/namespaces",
            "sku": {
                "name": "Standard",
                "tier": "Standard",
                "capacity": 1
            },
            "name": "[parameters('namespaces_jwehdevices_name')]",
            "apiVersion": "2017-04-01",
            "location": "Southeast Asia",
            "tags": {},
            "scale": null,
            "properties": {
                "isAutoInflateEnabled": false,
                "maximumThroughputUnits": 0
            },
            "dependsOn": []
        },
        {
            "comments": "Generalized from resource: '/subscriptions/d7d0acdf-db8e-41bb-bb66-28bfc5c20fe3/resourceGroups/serverlessIoTTest/providers/Microsoft.Web/sites/IoTDemoFuncAppTest'.",
            "type": "Microsoft.Web/sites",
            "kind": "functionapp",
            "name": "[parameters('sites_IoTDemoFuncAppTest_name')]",
            "apiVersion": "2016-08-01",
            "location": "Southeast Asia",
            "identity": {
                "principalId": "a9fba8e9-d5fa-4061-8dda-ceb78517695f",
                "tenantId": "72f988bf-86f1-41af-91ab-2d7cd011db47",
                "type": "SystemAssigned"
            },
            "tags": {
                "hidden-related:/subscriptions/d7d0acdf-db8e-41bb-bb66-28bfc5c20fe3/resourceGroups/ServerlessIoTDemo/providers/Microsoft.Web/serverfarms/ServerlessIoTDemo": "empty"
            },
            "scale": null,
            "properties": {
                "enabled": true,
                "hostNameSslStates": [
                    {
                        "name": "[concat(parameters('sites_IoTDemoFuncAppTest_name'),'iotdemofuncapptest.azurewebsites.net')]",
                        "sslState": "Disabled",
                        "virtualIP": null,
                        "thumbprint": null,
                        "toUpdate": null,
                        "hostType": "Standard"
                    },
                    {
                        "name": "[concat(parameters('sites_IoTDemoFuncAppTest_name'),'iotdemofuncapptest.scm.azurewebsites.net')]",
                        "sslState": "Disabled",
                        "virtualIP": null,
                        "thumbprint": null,
                        "toUpdate": null,
                        "hostType": "Repository"
                    }
                ],
                "serverFarmId": "[parameters('sites_IoTDemoFuncAppTest_serverFarmId')]",
                "reserved": false,
                "siteConfig": null,
                "scmSiteAlsoStopped": false,
                "hostingEnvironmentProfile": null,
                "clientAffinityEnabled": true,
                "clientCertEnabled": false,
                "hostNamesDisabled": false,
                "containerSize": 1536,
                "dailyMemoryTimeQuota": 0,
                "cloningInfo": null
            },
            "dependsOn": []
        },
        {
            "comments": "Generalized from resource: '/subscriptions/d7d0acdf-db8e-41bb-bb66-28bfc5c20fe3/resourcegroups/serverlessIoTTest/providers/Microsoft.EventHub/namespaces/jwehdevices/AuthorizationRules/RootManageSharedAccessKey'.",
            "type": "Microsoft.EventHub/namespaces/AuthorizationRules",
            "name": "[concat(parameters('namespaces_jwehdevices_name'), '/', parameters('AuthorizationRules_RootManageSharedAccessKey_name'))]",
            "apiVersion": "2017-04-01",
            "location": "Southeast Asia",
            "scale": null,
            "properties": {
                "rights": [
                    "Listen",
                    "Manage",
                    "Send"
                ]
            },
            "dependsOn": [
                "[resourceId('Microsoft.EventHub/namespaces', parameters('namespaces_jwehdevices_name'))]"
            ]
        },
        {
            "comments": "Generalized from resource: '/subscriptions/d7d0acdf-db8e-41bb-bb66-28bfc5c20fe3/resourcegroups/serverlessIoTTest/providers/Microsoft.EventHub/namespaces/jwehdevices/eventhubs/fridgedevices'.",
            "type": "Microsoft.EventHub/namespaces/eventhubs",
            "name": "[concat(parameters('namespaces_jwehdevices_name'), '/', parameters('eventhubs_fridgedevices_name'))]",
            "apiVersion": "2017-04-01",
            "location": "Southeast Asia",
            "scale": null,
            "properties": {
                "messageRetentionInDays": 1,
                "partitionCount": 2,
                "status": "Active"
            },
            "dependsOn": [
                "[resourceId('Microsoft.EventHub/namespaces', parameters('namespaces_jwehdevices_name'))]"
            ]
        },
        {
            "comments": "Generalized from resource: '/subscriptions/d7d0acdf-db8e-41bb-bb66-28bfc5c20fe3/resourcegroups/serverlessIoTTest/providers/Microsoft.EventHub/namespaces/jwehdevices/eventhubs/lightbulbdevices'.",
            "type": "Microsoft.EventHub/namespaces/eventhubs",
            "name": "[concat(parameters('namespaces_jwehdevices_name'), '/', parameters('eventhubs_lightbulbdevices_name'))]",
            "apiVersion": "2017-04-01",
            "location": "Southeast Asia",
            "scale": null,
            "properties": {
                "messageRetentionInDays": 1,
                "partitionCount": 2,
                "status": "Active"
            },
            "dependsOn": [
                "[resourceId('Microsoft.EventHub/namespaces', parameters('namespaces_jwehdevices_name'))]"
            ]
        },
        {
            "comments": "Generalized from resource: '/subscriptions/d7d0acdf-db8e-41bb-bb66-28bfc5c20fe3/resourcegroups/serverlessIoTTest/providers/Microsoft.EventHub/namespaces/jwehdevices/eventhubs/fridgedevices/authorizationRules/iothubroutes_serverlessDemoIotHub'.",
            "type": "Microsoft.EventHub/namespaces/eventhubs/authorizationRules",
            "name": "[concat(parameters('namespaces_jwehdevices_name'), '/', parameters('eventhubs_fridgedevices_name'), '/', parameters('authorizationRules_iothubroutes_serverlessDemoIotHub_name'))]",
            "apiVersion": "2017-04-01",
            "location": "Southeast Asia",
            "scale": null,
            "properties": {
                "rights": [
                    "Listen",
                    "Send"
                ]
            },
            "dependsOn": [
                "[resourceId('Microsoft.EventHub/namespaces', parameters('namespaces_jwehdevices_name'))]",
                "[resourceId('Microsoft.EventHub/namespaces/eventhubs', parameters('namespaces_jwehdevices_name'), parameters('eventhubs_fridgedevices_name'))]"
            ]
        },
        {
            "comments": "Generalized from resource: '/subscriptions/d7d0acdf-db8e-41bb-bb66-28bfc5c20fe3/resourcegroups/serverlessIoTTest/providers/Microsoft.EventHub/namespaces/jwehdevices/eventhubs/fridgedevices/authorizationRules/iothubroutes_Final2DemoIotHub'.",
            "type": "Microsoft.EventHub/namespaces/eventhubs/authorizationRules",
            "name": "[concat(parameters('namespaces_jwehdevices_name'), '/', parameters('eventhubs_fridgedevices_name'), '/', parameters('authorizationRules_iothubroutes_Final2DemoIotHub_name'))]",
            "apiVersion": "2017-04-01",
            "location": "Southeast Asia",
            "scale": null,
            "properties": {
                "rights": [
                    "Listen",
                    "Send"
                ]
            },
            "dependsOn": [
                "[resourceId('Microsoft.EventHub/namespaces', parameters('namespaces_jwehdevices_name'))]",
                "[resourceId('Microsoft.EventHub/namespaces/eventhubs', parameters('namespaces_jwehdevices_name'), parameters('eventhubs_fridgedevices_name'))]"
            ]
        },
        {
            "comments": "Generalized from resource: '/subscriptions/d7d0acdf-db8e-41bb-bb66-28bfc5c20fe3/resourcegroups/serverlessIoTTest/providers/Microsoft.EventHub/namespaces/jwehdevices/eventhubs/fridgedevices/consumergroups/$Default'.",
            "type": "Microsoft.EventHub/namespaces/eventhubs/consumergroups",
            "name": "[concat(parameters('namespaces_jwehdevices_name'), '/', parameters('eventhubs_fridgedevices_name'), '/', parameters('consumergroups_$Default_name'))]",
            "apiVersion": "2017-04-01",
            "location": "Southeast Asia",
            "scale": null,
            "properties": {},
            "dependsOn": [
                "[resourceId('Microsoft.EventHub/namespaces', parameters('namespaces_jwehdevices_name'))]",
                "[resourceId('Microsoft.EventHub/namespaces/eventhubs', parameters('namespaces_jwehdevices_name'), parameters('eventhubs_fridgedevices_name'))]"
            ]
        },
        {
            "comments": "Generalized from resource: '/subscriptions/d7d0acdf-db8e-41bb-bb66-28bfc5c20fe3/resourcegroups/serverlessIoTTest/providers/Microsoft.EventHub/namespaces/jwehdevices/eventhubs/lightbulbdevices/authorizationRules/iothubroutes_serverlessDemoIotHub'.",
            "type": "Microsoft.EventHub/namespaces/eventhubs/authorizationRules",
            "name": "[concat(parameters('namespaces_jwehdevices_name'), '/', parameters('eventhubs_lightbulbdevices_name'), '/', parameters('authorizationRules_iothubroutes_serverlessDemoIotHub_name_1'))]",
            "apiVersion": "2017-04-01",
            "location": "Southeast Asia",
            "scale": null,
            "properties": {
                "rights": [
                    "Listen",
                    "Send"
                ]
            },
            "dependsOn": [
                "[resourceId('Microsoft.EventHub/namespaces', parameters('namespaces_jwehdevices_name'))]",
                "[resourceId('Microsoft.EventHub/namespaces/eventhubs', parameters('namespaces_jwehdevices_name'), parameters('eventhubs_lightbulbdevices_name'))]"
            ]
        },
        {
            "comments": "Generalized from resource: '/subscriptions/d7d0acdf-db8e-41bb-bb66-28bfc5c20fe3/resourcegroups/serverlessIoTTest/providers/Microsoft.EventHub/namespaces/jwehdevices/eventhubs/lightbulbdevices/authorizationRules/iothubroutes_Final2DemoIotHub'.",
            "type": "Microsoft.EventHub/namespaces/eventhubs/authorizationRules",
            "name": "[concat(parameters('namespaces_jwehdevices_name'), '/', parameters('eventhubs_lightbulbdevices_name'), '/', parameters('authorizationRules_iothubroutes_Final2DemoIotHub_name_1'))]",
            "apiVersion": "2017-04-01",
            "location": "Southeast Asia",
            "scale": null,
            "properties": {
                "rights": [
                    "Send"
                ]
            },
            "dependsOn": [
                "[resourceId('Microsoft.EventHub/namespaces', parameters('namespaces_jwehdevices_name'))]",
                "[resourceId('Microsoft.EventHub/namespaces/eventhubs', parameters('namespaces_jwehdevices_name'), parameters('eventhubs_lightbulbdevices_name'))]"
            ]
        },
        {
            "comments": "Generalized from resource: '/subscriptions/d7d0acdf-db8e-41bb-bb66-28bfc5c20fe3/resourcegroups/serverlessIoTTest/providers/Microsoft.EventHub/namespaces/jwehdevices/eventhubs/lightbulbdevices/consumergroups/$Default'.",
            "type": "Microsoft.EventHub/namespaces/eventhubs/consumergroups",
            "name": "[concat(parameters('namespaces_jwehdevices_name'), '/', parameters('eventhubs_lightbulbdevices_name'), '/', parameters('consumergroups_$Default_name_1'))]",
            "apiVersion": "2017-04-01",
            "location": "Southeast Asia",
            "scale": null,
            "properties": {},
            "dependsOn": [
                "[resourceId('Microsoft.EventHub/namespaces', parameters('namespaces_jwehdevices_name'))]",
                "[resourceId('Microsoft.EventHub/namespaces/eventhubs', parameters('namespaces_jwehdevices_name'), parameters('eventhubs_lightbulbdevices_name'))]"
            ]
        },
        {
            "comments": "Generalized from resource: '/subscriptions/d7d0acdf-db8e-41bb-bb66-28bfc5c20fe3/resourceGroups/serverlessIoTTest/providers/Microsoft.Web/sites/IoTDemoFuncAppTest/config/web'.",
            "type": "Microsoft.Web/sites/config",
            "name": "[concat(parameters('sites_IoTDemoFuncAppTest_name'), '/', parameters('config_web_name'))]",
            "apiVersion": "2016-08-01",
            "location": "Southeast Asia",
            "tags": {
                "hidden-related:/subscriptions/d7d0acdf-db8e-41bb-bb66-28bfc5c20fe3/resourceGroups/ServerlessIoTDemo/providers/Microsoft.Web/serverfarms/ServerlessIoTDemo": "empty"
            },
            "scale": null,
            "properties": {
                "numberOfWorkers": 1,
                "defaultDocuments": [
                    "Default.htm",
                    "Default.html",
                    "Default.asp",
                    "index.htm",
                    "index.html",
                    "iisstart.htm",
                    "default.aspx",
                    "index.php"
                ],
                "netFrameworkVersion": "v4.0",
                "phpVersion": "5.6",
                "pythonVersion": "",
                "nodeVersion": "",
                "linuxFxVersion": "",
                "windowsFxVersion": null,
                "requestTracingEnabled": false,
                "remoteDebuggingEnabled": false,
                "remoteDebuggingVersion": null,
                "httpLoggingEnabled": false,
                "logsDirectorySizeLimit": 35,
                "detailedErrorLoggingEnabled": false,
                "publishingUsername": "$IoTDemoFuncAppTest",
                "publishingPassword": null,
                "appSettings": null,
                "azureStorageAccounts": {},
                "metadata": null,
                "connectionStrings": null,
                "machineKey": null,
                "handlerMappings": null,
                "documentRoot": null,
                "scmType": "None",
                "use32BitWorkerProcess": true,
                "webSocketsEnabled": false,
                "alwaysOn": true,
                "javaVersion": null,
                "javaContainer": null,
                "javaContainerVersion": null,
                "appCommandLine": "",
                "managedPipelineMode": "Integrated",
                "virtualApplications": [
                    {
                        "virtualPath": "/",
                        "physicalPath": "site\\wwwroot",
                        "preloadEnabled": true,
                        "virtualDirectories": null
                    }
                ],
                "winAuthAdminState": 0,
                "winAuthTenantState": 0,
                "customAppPoolIdentityAdminState": false,
                "customAppPoolIdentityTenantState": false,
                "runtimeADUser": null,
                "runtimeADUserPassword": null,
                "loadBalancing": "LeastRequests",
                "routingRules": [],
                "experiments": {
                    "rampUpRules": []
                },
                "limits": null,
                "autoHealEnabled": false,
                "autoHealRules": null,
                "tracingOptions": null,
                "vnetName": "",
                "siteAuthEnabled": false,
                "siteAuthSettings": {
                    "enabled": null,
                    "unauthenticatedClientAction": null,
                    "tokenStoreEnabled": null,
                    "allowedExternalRedirectUrls": null,
                    "defaultProvider": null,
                    "clientId": null,
                    "clientSecret": null,
                    "issuer": null,
                    "allowedAudiences": null,
                    "additionalLoginParams": null,
                    "isAadAutoProvisioned": false,
                    "googleClientId": null,
                    "googleClientSecret": null,
                    "googleOAuthScopes": null,
                    "facebookAppId": null,
                    "facebookAppSecret": null,
                    "facebookOAuthScopes": null,
                    "twitterConsumerKey": null,
                    "twitterConsumerSecret": null,
                    "microsoftAccountClientId": null,
                    "microsoftAccountClientSecret": null,
                    "microsoftAccountOAuthScopes": null
                },
                "cors": {
                    "allowedOrigins": [
                        "https://functions.azure.com",
                        "https://functions-staging.azure.com",
                        "https://functions-next.azure.com"
                    ]
                },
                "push": null,
                "apiDefinition": null,
                "autoSwapSlotName": null,
                "localMySqlEnabled": false,
                "managedServiceIdentityId": 860,
                "xManagedServiceIdentityId": null,
                "ipSecurityRestrictions": null,
                "http20Enabled": false,
                "minTlsVersion": "1.2",
                "ftpsState": "AllAllowed",
                "reservedInstanceCount": 0
            },
            "dependsOn": [
                "[resourceId('Microsoft.Web/sites', parameters('sites_IoTDemoFuncAppTest_name'))]"
            ]
        },
        {
            "comments": "Generalized from resource: '/subscriptions/d7d0acdf-db8e-41bb-bb66-28bfc5c20fe3/resourceGroups/serverlessIoTTest/providers/Microsoft.Web/sites/IoTDemoFuncAppTest/hostNameBindings/iotdemofuncapptest.azurewebsites.net'.",
            "type": "Microsoft.Web/sites/hostNameBindings",
            "name": "[concat(parameters('sites_IoTDemoFuncAppTest_name'), '/', parameters('hostNameBindings_iotdemofuncapptest.azurewebsites.net_name'))]",
            "apiVersion": "2016-08-01",
            "location": "Southeast Asia",
            "scale": null,
            "properties": {
                "siteName": "IoTDemoFuncAppTest",
                "domainId": null,
                "hostNameType": "Verified"
            },
            "dependsOn": [
                "[resourceId('Microsoft.Web/sites', parameters('sites_IoTDemoFuncAppTest_name'))]"
            ]
        }
    ]
}